target_tissue,mhc_restriction,n_pairs,n_positive_rows,n_negative_rows,n_positive_peptides,n_negative_peptides,n_uniprot_ids
lymph node,HLA-A*02:01,14421,14421,14421,14421,14421,5329
blood,HLA-A*02:01,11745,11745,11745,11745,11745,5023
bone,HLA-A*02:01,9015,9015,9015,9015,9015,3984
lymphoid,HLA-A*02:01,7685,7685,7685,7685,7685,4043
lymphoid,HLA-B*07:02,4385,4385,4385,4385,4385,2608
uterine cervix,HLA-A*02:01,4038,4038,4038,4038,4038,1672
lymphoid,HLA-B*27:05,3556,3556,3556,3556,3556,2191
lymphoid,HLA-B*40:02,2752,2752,2752,2752,2752,1707
lung,HLA-A*02:01,2736,2736,2736,2736,2736,1780
blood,HLA-B*27:05,2731,2731,2731,2731,2731,1935
blood,HLA-B*40:01,2688,2688,2688,2688,2688,1702
blood,HLA-B*07:02,2483,2483,2483,2483,2483,1585
lymphoid,HLA-B*40:01,2340,2340,2340,2340,2340,1586
uterine cervix,HLA-B*07:02,2326,2326,2326,2326,2326,1195
blood,HLA-B*51:01,2322,2322,2322,2322,2322,1593
blood,HLA-C*05:01,2261,2261,2261,2261,2261,1550
uterine cervix,HLA-A*24:02,2238,2238,2238,2238,2238,1309
lymph node,HLA-C*05:01,2182,2182,2182,2182,2182,1501
brain,HLA-B*40:02,2139,2139,2139,2139,2139,1448
lymphoid,HLA-B*15:01,2008,2008,2008,2008,2008,1299
uterine cervix,HLA-A*01:01,1979,1979,1979,1979,1979,980
lymphoid,HLA-A*24:02,1901,1901,1901,1901,1901,1348
lymphoid,HLA-B*44:02,1889,1889,1889,1889,1889,1419
blood,HLA-A*24:02,1862,1862,1862,1862,1862,1245
lymphoid,HLA-B*51:01,1814,1814,1814,1814,1814,1315
brain,HLA-A*02:01,1784,1784,1784,1784,1784,1392
lymphoid,HLA-B*57:01,1744,1744,1744,1744,1744,1190
lymph node,HLA-B*40:01,1741,1741,1741,1741,1741,1270
blood,HLA-B*44:02,1699,1699,1699,1699,1699,1267
breast,HLA-A*02:01,1675,1675,1675,1675,1675,1239
lymphoid,HLA-C*05:01,1588,1588,1588,1588,1588,1196
ovary,HLA-A*02:01,1585,1585,1585,1585,1585,1319
lymph node,HLA-B*44:02,1499,1499,1499,1499,1499,1173
blood,HLA-B*40:02,1481,1481,1481,1481,1481,1093
uterine cervix,HLA-B*51:01,1478,1478,1478,1478,1478,1122
spleen,HLA-B*15:01,1463,1463,1463,1463,1463,1094
lymphoid,HLA-A*11:01,1440,1440,1440,1440,1440,1022
blood,HLA-B*15:01,1436,1436,1436,1436,1436,997
lymphoid,HLA-A*01:01,1420,1420,1420,1420,1420,1071
kidney,HLA-A*24:02,1418,1418,1418,1418,1418,1126
blood,HLA-A*11:01,1397,1397,1397,1397,1397,1042
lung,HLA-A*01:01,1397,1397,1397,1397,1397,1095
lung,HLA-A*11:01,1371,1371,1371,1371,1371,1024
brain,HLA-A*11:01,1368,1368,1368,1368,1368,1011
lymphoid,HLA-B*15:02,1347,1347,1347,1347,1347,1044
lung,HLA-A*24:02,1344,1344,1344,1344,1344,1086
blood,HLA-C*03:04,1342,1342,1342,1342,1342,1021
ovary,HLA-B*44:02,1334,1334,1334,1334,1334,1051
thymus,HLA-A*24:02,1311,1311,1311,1311,1311,1084
thymus,HLA-B*44:03,1291,1291,1291,1291,1291,1008
blood,HLA-A*01:01,1256,1256,1256,1256,1256,874
lymph node,HLA-C*03:04,1205,1205,1205,1205,1205,928
lung,HLA-B*49:01,1177,1177,1177,1177,1177,914
lymphoid,HLA-C*03:04,1165,1165,1165,1165,1165,886
spleen,HLA-B*44:02,1145,1145,1145,1145,1145,928
lung,HLA-B*40:01,1097,1097,1097,1097,1097,815
thymus,HLA-B*07:02,1097,1097,1097,1097,1097,893
blood,HLA-A*29:02,1062,1062,1062,1062,1062,846
lung,HLA-B*15:01,1059,1059,1059,1059,1059,840
lung,HLA-B*44:02,1053,1053,1053,1053,1053,839
lung,HLA-B*44:03,1050,1050,1050,1050,1050,813
lymphoid,HLA-B*57:03,1011,1011,1011,1011,1011,746
colon,HLA-A*02:01,1002,1002,1002,1002,1002,864
umbilical cord blood,HLA-A*02:01,993,993,993,993,993,877
lymphoid,HLA-C*12:02,987,987,987,987,987,778
uterine cervix,HLA-B*27:05,976,976,976,976,976,777
ovary,HLA-A*11:01,971,971,971,971,971,791
lung,HLA-B*18:01,967,967,967,967,967,757
brain,HLA-A*01:01,927,927,927,927,927,799
small intestine,HLA-B*15:01,915,915,915,915,915,736
lung,HLA-B*07:02,908,908,908,908,908,748
lymphoid,HLA-B*18:01,903,903,903,903,903,692
blood,HLA-C*08:02,901,901,901,901,901,738
spleen,HLA-A*11:01,893,893,893,893,893,739
lymphoid,HLA-B*58:01,888,888,888,888,888,656
kidney,HLA-B*15:01,882,882,882,882,882,712
colon,HLA-A*24:02,865,865,865,865,865,733
thymus,HLA-A*01:01,863,863,863,863,863,763
lymphoid,HLA-A*29:02,862,862,862,862,862,705
NA,HLA-A*02:01,848,848,848,848,848,431
lymphoid,HLA-B*49:01,843,843,843,843,843,657
kidney,HLA-B*49:01,842,842,842,842,842,709
blood,HLA-B*18:01,839,839,839,839,839,654
spleen,HLA-B*07:02,835,835,835,835,835,715
lung,HLA-A*03:01,831,831,831,831,831,673
thymus,HLA-B*15:01,814,814,814,814,814,682
central nervous system (CNS),HLA-A*24:02,811,811,811,811,811,697
lymphoid,HLA-A*03:01,803,803,803,803,803,646
kidney,HLA-A*11:01,798,798,798,798,798,694
lymphoid,HLA-C*08:02,787,787,787,787,787,655
blood,HLA-C*12:03,784,784,784,784,784,643
blood,HLA-B*08:01,754,754,754,754,754,584
blood,HLA-C*16:01,750,750,750,750,750,629
bone marrow,HLA-B*15:01,748,748,748,748,748,623
spleen,HLA-A*02:01,748,748,748,748,748,675
lymphoid,HLA-C*12:03,739,739,739,739,739,596
lymphoid,HLA-B*27:09,736,736,736,736,736,595
lymphoid,HLA-C*04:01,717,717,717,717,717,563
thymus,HLA-B*44:02,717,717,717,717,717,600
central nervous system (CNS),HLA-A*02:01,715,715,715,715,715,615
uterus,HLA-B*15:01,704,704,704,704,704,570
blood,HLA-A*03:01,700,700,700,700,700,561
lung,HLA-B*08:01,699,699,699,699,699,535
small intestine,HLA-B*07:02,691,691,691,691,691,603
colon,HLA-A*11:01,680,680,680,680,680,589
lung,HLA-B*57:01,675,675,675,675,675,532
uterus,HLA-A*11:01,675,675,675,675,675,585
thymus,HLA-B*18:01,673,673,673,673,673,579
thymus,HLA-A*02:01,669,669,669,669,669,611
liver,HLA-B*49:01,668,668,668,668,668,570
thyroid,HLA-B*49:01,660,660,660,660,660,557
lymph node,HLA-B*07:02,652,652,652,652,652,572
kidney,HLA-B*07:02,644,644,644,644,644,569
bone marrow,HLA-A*02:01,641,641,641,641,641,586
small intestine,HLA-A*11:01,636,636,636,636,636,543
lymphoid,HLA-B*44:03,634,634,634,634,634,517
blood,HLA-C*04:01,633,633,633,633,633,508
lymphoid,HLA-A*32:01,632,632,632,632,632,513
lymphoid,HLA-C*06:02,628,628,628,628,628,425
lymphoid,HLA-C*16:01,617,617,617,617,617,547
blood,HLA-B*44:03,610,610,610,610,610,515
blood,HLA-C*06:02,610,610,610,610,610,424
esophagus,HLA-A*11:01,601,601,601,601,601,503
blood,HLA-C*15:02,593,593,593,593,593,498
blood,HLA-B*57:03,592,592,592,592,592,483
lymphoid,HLA-C*14:02,585,585,585,585,585,479
thyroid,HLA-A*11:01,581,581,581,581,581,520
liver,HLA-A*24:02,574,574,574,574,574,529
lung,HLA-A*23:01,573,573,573,573,573,457
lymphoid,HLA-B*15:10,566,566,566,566,566,462
kidney,HLA-A*02:01,563,563,563,563,563,521
lung,HLA-C*12:03,562,562,562,562,562,478
blood,HLA-B*58:01,545,545,545,545,545,447
blood,HLA-B*57:01,543,543,543,543,543,406
blood,HLA-B*27:09,540,540,540,540,540,461
colon,HLA-B*40:02,540,540,540,540,540,460
lung,HLA-C*04:01,540,540,540,540,540,440
liver,HLA-A*01:01,538,538,538,538,538,490
tongue,HLA-B*07:02,534,534,534,534,534,451
brain,HLA-B*13:02,527,527,527,527,527,454
thyroid,HLA-B*07:02,527,527,527,527,527,463
bone marrow,HLA-A*11:01,526,526,526,526,526,475
liver,HLA-B*07:02,516,516,516,516,516,458
lung,HLA-B*40:02,516,516,516,516,516,430
blood,HLA-A*32:01,511,511,511,511,511,437
lung,HLA-B*35:01,501,501,501,501,501,434
lymph node,HLA-B*15:01,501,501,501,501,501,441
thyroid,HLA-A*01:01,496,496,496,496,496,468
blood,HLA-A*68:02,493,493,493,493,493,327
thyroid,HLA-B*15:01,493,493,493,493,493,423
lung,HLA-B*38:01,491,491,491,491,491,404
adrenal gland,HLA-A*02:01,485,485,485,485,485,452
lymphoid,HLA-B*08:01,483,483,483,483,483,408
esophagus,HLA-B*15:01,478,478,478,478,478,410
heart,HLA-A*11:01,475,475,475,475,475,417
lung,HLA-C*05:01,468,468,468,468,468,409
testis,HLA-B*49:01,462,462,462,462,462,399
lymphoid,HLA-B*13:02,459,459,459,459,459,393
liver,HLA-B*08:01,453,453,453,453,453,383
thymus,HLA-A*03:01,449,449,449,449,449,391
heart,HLA-B*49:01,439,439,439,439,439,375
blood,HLA-B*35:01,438,438,438,438,438,358
liver,HLA-B*44:02,435,435,435,435,435,380
lymphoid,HLA-B*35:01,435,435,435,435,435,362
bone marrow,HLA-B*44:02,433,433,433,433,433,383
esophagus,HLA-B*40:02,432,432,432,432,432,377
blood,HLA-C*14:02,431,431,431,431,431,373
lung,HLA-B*27:05,428,428,428,428,428,375
testis,HLA-A*11:01,428,428,428,428,428,391
lymphoid,HLA-B*14:02,419,419,419,419,419,352
liver,HLA-A*02:01,417,417,417,417,417,386
liver,HLA-A*11:01,417,417,417,417,417,379
trachea,HLA-A*11:01,413,413,413,413,413,366
colon,HLA-B*15:01,412,412,412,412,412,367
liver,HLA-B*15:01,412,412,412,412,412,367
adrenal gland,HLA-A*11:01,409,409,409,409,409,375
bone marrow,HLA-A*01:01,403,403,403,403,403,381
adrenal gland,HLA-A*01:01,402,402,402,402,402,379
spleen,HLA-A*01:01,402,402,402,402,402,379
lymphoid,HLA-A*68:02,398,398,398,398,398,318
uterus,HLA-A*02:01,398,398,398,398,398,372
brain,HLA-B*08:01,395,395,395,395,395,334
spleen,HLA-B*08:01,394,394,394,394,394,344
aorta,HLA-A*11:01,389,389,389,389,389,347
colon,HLA-A*01:01,387,387,387,387,387,368
ovary,HLA-B*15:01,387,387,387,387,387,345
bone marrow,HLA-B*40:02,386,386,386,386,386,345
adrenal gland,HLA-B*15:01,384,384,384,384,384,332
lung,HLA-B*58:01,384,384,384,384,384,310
lymphoid,HLA-A*23:01,380,380,380,380,380,298
tongue,HLA-A*11:01,377,377,377,377,377,338
thymus,HLA-A*29:02,370,370,370,370,370,341
spleen,HLA-B*35:01,368,368,368,368,368,337
blood,HLA-B*14:02,365,365,365,365,365,320
spleen,HLA-A*03:01,358,358,358,358,358,317
lung,HLA-A*26:01,357,357,357,357,357,269
uterine cervix,HLA-C*12:03,355,355,355,355,355,312
adrenal gland,HLA-B*44:02,354,354,354,354,354,313
lymphoid,HLA-A*02:07,353,353,353,353,353,309
blood,HLA-C*03:03,349,349,349,349,349,316
tongue,HLA-B*15:01,348,348,348,348,348,321
adrenal gland,HLA-B*07:02,346,346,346,346,346,311
trachea,HLA-B*15:01,344,344,344,344,344,307
small intestine,HLA-A*03:01,342,342,342,342,342,314
uterine cervix,HLA-B*15:03,342,342,342,342,342,297
blood,HLA-A*02:03,340,340,340,340,340,302
heart,HLA-B*07:02,338,338,338,338,338,299
lung,HLA-B*14:02,338,338,338,338,338,281
muscle,HLA-A*11:01,335,335,335,335,335,292
tongue,HLA-A*01:01,335,335,335,335,335,310
pleural effusion,HLA-B*18:01,334,334,334,334,334,296
kidney,HLA-A*01:01,332,332,332,332,332,316
lymphoid,HLA-B*38:01,330,330,330,330,330,278
lymphoid,HLA-C*15:02,322,322,322,322,322,289
blood,HLA-B*35:02,321,321,321,321,321,275
lung,HLA-A*68:01,315,315,315,315,315,244
testis,HLA-A*01:01,315,315,315,315,315,299
thyroid,HLA-A*02:01,314,314,314,314,314,292
bladder,HLA-A*11:01,313,313,313,313,313,288
blood,HLA-A*30:01,313,313,313,313,313,267
colon,HLA-B*44:02,311,311,311,311,311,272
bladder,HLA-B*15:01,308,308,308,308,308,273
uterine cervix,HLA-A*68:02,305,305,305,305,305,271
lung,HLA-C*03:04,297,297,297,297,297,275
lymph node,HLA-A*11:01,297,297,297,297,297,274
tongue,HLA-A*03:01,296,296,296,296,296,276
breast,HLA-A*01:01,294,294,294,294,294,268
esophagus,HLA-B*44:02,293,293,293,293,293,261
lymphoid,HLA-A*30:01,293,293,293,293,293,251
blood,HLA-A*02:07,289,289,289,289,289,252
blood,HLA-C*12:02,289,289,289,289,289,254
gallbladder,HLA-A*01:01,289,289,289,289,289,274
lung,HLA-C*08:02,289,289,289,289,289,251
lymph node,HLA-A*03:01,286,286,286,286,286,262
lymphoid,HLA-B*46:01,286,286,286,286,286,241
blood,HLA-C*02:02,285,285,285,285,285,248
other,HLA-A*11:01,285,285,285,285,285,244
trachea,HLA-A*01:01,285,285,285,285,285,271
lymphoid,HLA-C*02:02,284,284,284,284,284,250
testis,HLA-B*07:02,282,282,282,282,282,254
blood,HLA-C*01:02,281,281,281,281,281,252
lymphoid,HLA-A*02:04,281,281,281,281,281,233
small intestine,HLA-A*02:01,280,280,280,280,280,271
lung,HLA-A*33:01,278,278,278,278,278,244
thyroid,HLA-B*44:02,278,278,278,278,278,248
adrenal gland,HLA-A*03:01,277,277,277,277,277,263
skin,HLA-A*11:01,275,275,275,275,275,255
esophagus,HLA-A*01:01,274,274,274,274,274,263
lymph node,HLA-A*01:01,273,273,273,273,273,258
brain,HLA-A*66:01,272,272,272,272,272,245
breast,HLA-B*08:01,267,267,267,267,267,234
lung,HLA-C*07:01,267,267,267,267,267,169
cerebellum,HLA-A*02:01,262,262,262,262,262,252
spleen,HLA-B*13:02,261,261,261,261,261,242
lymphoid,HLA-A*26:01,256,256,256,256,256,164
lymphoid,HLA-C*07:01,253,253,253,253,253,166
ovary,HLA-C*05:01,252,252,252,252,252,230
aorta,HLA-A*01:01,250,250,250,250,250,238
ovary,HLA-B*35:01,250,250,250,250,250,234
lung,HLA-A*30:01,249,249,249,249,249,222
spleen,HLA-B*49:01,248,248,248,248,248,237
skin,HLA-A*02:01,247,247,247,247,247,201
lymphoid,HLA-A*31:01,244,244,244,244,244,195
blood,HLA-C*07:02,243,243,243,243,243,208
central nervous system (CNS),HLA-B*35:03,240,240,240,240,240,216
bone marrow,HLA-B*35:01,239,239,239,239,239,226
lymphoid,HLA-C*01:02,238,238,238,238,238,214
kidney,HLA-B*40:02,237,237,237,237,237,219
lymphoid,HLA-A*68:01,237,237,237,237,237,184
lymphoid,HLA-C*03:03,235,235,235,235,235,209
trachea,HLA-B*40:02,235,235,235,235,235,210
tongue,HLA-B*40:02,234,234,234,234,234,208
lymphoid,HLA-A*02:05,233,233,233,233,233,213
lymphoid,HLA-C*07:02,233,233,233,233,233,192
bladder,HLA-A*01:01,229,229,229,229,229,217
blood,HLA-B*56:01,229,229,229,229,229,194
blood,HLA-B*15:02,227,227,227,227,227,210
lymph node,HLA-B*49:01,227,227,227,227,227,220
kidney,HLA-B*44:02,225,225,225,225,225,193
skin,HLA-A*01:01,225,225,225,225,225,212
aorta,HLA-B*40:02,224,224,224,224,224,192
lung,HLA-A*25:01,223,223,223,223,223,193
heart,HLA-A*01:01,222,222,222,222,222,210
colon,HLA-A*68:01,221,221,221,221,221,203
blood,HLA-B*15:10,220,220,220,220,220,194
small intestine,HLA-B*44:02,219,219,219,219,219,193
pancreas,HLA-A*02:01,218,218,218,218,218,185
small intestine,HLA-A*68:01,218,218,218,218,218,199
lymphoid,HLA-B*15:03,216,216,216,216,216,202
pancreas,HLA-A*01:01,216,216,216,216,216,207
skin,HLA-B*07:02,216,216,216,216,216,193
spleen,HLA-B*27:05,216,216,216,216,216,203
thymus,HLA-B*13:02,215,215,215,215,215,199
tongue,HLA-A*68:02,215,215,215,215,215,199
lung,HLA-A*32:01,214,214,214,214,214,173
lung,HLA-B*51:01,214,214,214,214,214,192
thymus,HLA-A*25:01,214,214,214,214,214,194
cerebellum,HLA-A*24:02,212,212,212,212,212,196
liver,HLA-B*40:02,212,212,212,212,212,196
skin,HLA-B*15:01,212,212,212,212,212,194
blood,HLA-A*31:01,208,208,208,208,208,154
kidney,HLA-B*35:01,208,208,208,208,208,199
small intestine,HLA-A*01:01,205,205,205,205,205,196
other,HLA-A*02:01,204,204,204,204,204,180
small intestine,HLA-B*35:01,199,199,199,199,199,188
small intestine,HLA-A*68:02,197,197,197,197,197,182
spleen,HLA-A*68:01,195,195,195,195,195,178
bone marrow,HLA-A*24:02,194,194,194,194,194,187
aorta,HLA-B*15:01,193,193,193,193,193,173
lung,HLA-A*68:02,193,193,193,193,193,182
esophagus,HLA-A*02:01,192,192,192,192,192,183
ovary,HLA-A*23:01,191,191,191,191,191,183
lung,HLA-B*53:01,190,190,190,190,190,174
lymphoid,HLA-A*25:01,190,190,190,190,190,157
tongue,HLA-A*02:01,187,187,187,187,187,178
central nervous system (CNS),HLA-B*51:01,186,186,186,186,186,174
lymphoid,HLA-B*35:03,184,184,184,184,184,172
spleen,HLA-A*68:02,184,184,184,184,184,173
lymph node,HLA-A*68:02,181,181,181,181,181,168
lung,HLA-A*02:05,179,179,179,179,179,163
prostate,HLA-A*01:01,179,179,179,179,179,175
uterus,HLA-B*35:01,179,179,179,179,179,171
bone marrow,HLA-B*27:05,177,177,177,177,177,168
adrenal gland,HLA-A*68:02,175,175,175,175,175,165
cerebellum,HLA-A*11:01,174,174,174,174,174,165
heart,HLA-B*40:02,174,174,174,174,174,155
kidney,HLA-B*27:05,174,174,174,174,174,164
liver,HLA-B*27:05,174,174,174,174,174,164
spleen,HLA-C*01:02,173,173,173,173,173,154
adrenal gland,HLA-A*23:01,172,172,172,172,172,162
spleen,HLA-A*23:01,171,171,171,171,171,163
thyroid,HLA-A*24:02,171,171,171,171,171,161
lung,HLA-C*06:02,170,170,170,170,170,129
lymphoid,HLA-A*33:01,170,170,170,170,170,154
heart,HLA-B*15:01,169,169,169,169,169,158
cerebellum,HLA-B*13:02,167,167,167,167,167,157
thyroid,HLA-B*13:02,165,165,165,165,165,154
bone marrow,HLA-A*03:01,163,163,163,163,163,157
central nervous system (CNS),HLA-C*14:02,163,163,163,163,163,151
brain,HLA-B*14:02,162,162,162,162,162,151
ovary,HLA-B*08:01,162,162,162,162,162,148
lymph node,HLA-B*35:01,161,161,161,161,161,152
bone marrow,HLA-A*68:02,160,160,160,160,160,153
kidney,HLA-A*68:01,157,157,157,157,157,147
adrenal gland,HLA-B*49:01,156,156,156,156,156,149
lymphoid,HLA-A*66:01,156,156,156,156,156,147
spleen,HLA-B*46:01,156,156,156,156,156,134
bone marrow,HLA-B*45:01,155,155,155,155,155,144
testis,HLA-B*44:02,155,155,155,155,155,137
colon,HLA-B*58:01,153,153,153,153,153,138
skin,HLA-A*03:01,151,151,151,151,151,140
trachea,HLA-B*45:01,151,151,151,151,151,141
blood,HLA-B*45:01,150,150,150,150,150,139
skin,HLA-A*24:02,150,150,150,150,150,144
skin,HLA-B*45:01,150,150,150,150,150,136
blood,HLA-A*02:05,149,149,149,149,149,136
brain,HLA-B*15:01,149,149,149,149,149,131
skin,HLA-A*26:01,147,147,147,147,147,137
thymus,HLA-B*39:01,147,147,147,147,147,138
brain,HLA-C*06:02,146,146,146,146,146,137
thyroid,HLA-A*68:01,146,146,146,146,146,137
breast,HLA-A*24:02,145,145,145,145,145,138
lymphoid,HLA-B*45:01,145,145,145,145,145,132
blood,HLA-B*27:02,144,144,144,144,144,135
lung,HLA-A*31:01,144,144,144,144,144,123
bladder,HLA-B*40:02,143,143,143,143,143,131
breast,HLA-B*07:02,143,143,143,143,143,126
cerebellum,HLA-A*02:05,143,143,143,143,143,138
tongue,HLA-A*68:01,142,142,142,142,142,128
tongue,HLA-B*49:01,141,141,141,141,141,133
bone marrow,HLA-B*49:01,139,139,139,139,139,135
colon,HLA-A*02:05,139,139,139,139,139,130
liver,HLA-A*68:02,139,139,139,139,139,132
pleural effusion,HLA-A*02:01,138,138,138,138,138,126
small intestine,HLA-B*58:01,138,138,138,138,138,130
spleen,HLA-B*14:02,138,138,138,138,138,129
adrenal gland,HLA-B*27:05,137,137,137,137,137,126
liver,HLA-B*41:01,137,137,137,137,137,121
muscle,HLA-B*40:02,136,136,136,136,136,122
spleen,HLA-A*24:02,136,136,136,136,136,132
bone marrow,HLA-B*35:03,135,135,135,135,135,125
tongue,HLA-B*14:02,135,135,135,135,135,129
bladder,HLA-A*68:01,134,134,134,134,134,128
breast,HLA-B*15:03,134,134,134,134,134,126
brain,HLA-C*08:02,133,133,133,133,133,122
cerebellum,HLA-A*68:02,133,133,133,133,133,126
blood,HLA-B*15:03,131,131,131,131,131,121
ovary,HLA-A*26:01,131,131,131,131,131,123
blood,HLA-B*39:01,130,130,130,130,130,123
bone marrow,HLA-B*08:01,129,129,129,129,129,120
kidney,HLA-A*23:01,129,129,129,129,129,123
trachea,HLA-A*03:01,129,129,129,129,129,125
thyroid,HLA-A*23:01,128,128,128,128,128,124
breast,HLA-A*03:01,127,127,127,127,127,124
testis,HLA-B*15:01,127,127,127,127,127,120
blood,HLA-B*54:01,126,126,126,126,126,104
esophagus,HLA-A*68:01,126,126,126,126,126,120
muscle,HLA-B*15:01,125,125,125,125,125,110
liver,HLA-A*03:01,124,124,124,124,124,122
thymus,HLA-B*41:01,123,123,123,123,123,108
lung,HLA-B*41:01,121,121,121,121,121,111
muscle,HLA-A*01:01,121,121,121,121,121,114
trachea,HLA-A*02:01,118,118,118,118,118,114
aorta,HLA-B*07:02,117,117,117,117,117,106
blood,HLA-C*07:01,117,117,117,117,117,108
esophagus,HLA-B*58:01,117,117,117,117,117,104
lymph node,HLA-B*14:02,117,117,117,117,117,112
bone marrow,HLA-A*68:01,116,116,116,116,116,110
cerebellum,HLA-A*01:01,116,116,116,116,116,113
lung,HLA-B*35:03,116,116,116,116,116,106
liver,HLA-B*35:01,115,115,115,115,115,111
breast,HLA-A*29:02,114,114,114,114,114,105
trachea,HLA-B*49:01,114,114,114,114,114,106
aorta,HLA-A*02:01,113,113,113,113,113,110
blood,HLA-A*02:04,113,113,113,113,113,109
bladder,HLA-A*03:01,112,112,112,112,112,104
small intestine,HLA-B*14:02,111,111,111,111,111,107
spleen,HLA-A*30:01,111,111,111,111,111,102
lung,HLA-B*50:01,110,110,110,110,110,105
testis,HLA-A*24:02,110,110,110,110,110,107
breast,HLA-B*35:01,109,109,109,109,109,97
adrenal gland,HLA-B*08:01,108,108,108,108,108,100
blood,HLA-C*17:01,108,108,108,108,108,97
kidney,HLA-A*68:02,108,108,108,108,108,101
skin,HLA-B*49:01,108,108,108,108,108,97
aorta,HLA-A*03:01,107,107,107,107,107,102
blood,HLA-B*50:01,107,107,107,107,107,106
breast,HLA-A*68:02,107,107,107,107,107,104
lung,HLA-B*39:01,107,107,107,107,107,101
pancreas,HLA-A*68:02,107,107,107,107,107,102
small intestine,HLA-B*13:02,107,107,107,107,107,102
breast,HLA-A*68:01,106,106,106,106,106,96
cerebellum,HLA-B*15:01,106,106,106,106,106,101
colon,HLA-B*49:01,106,106,106,106,106,101
tongue,HLA-B*44:02,106,106,106,106,106,96
esophagus,HLA-B*35:01,105,105,105,105,105,100
small intestine,HLA-B*35:03,105,105,105,105,105,100
NA,HLA-B*07:02,104,104,104,104,104,88
testis,HLA-A*68:01,103,103,103,103,103,99
central nervous system (CNS),HLA-C*04:01,102,102,102,102,102,98
skin,HLA-A*32:01,102,102,102,102,102,91
blood,HLA-B*41:01,101,101,101,101,101,90
esophagus,HLA-A*02:05,101,101,101,101,101,95
brain,HLA-A*68:02,100,100,100,100,100,97
brain,HLA-B*44:02,100,100,100,100,100,87
liver,HLA-B*14:02,100,100,100,100,100,99
lymphoid,HLA-B*50:01,100,100,100,100,100,95
lymphoid,HLA-B*56:01,100,100,100,100,100,91
adrenal gland,HLA-B*35:01,99,99,99,99,99,92
colon,HLA-C*04:01,99,99,99,99,99,99
blood,HLA-B*27:08,98,98,98,98,98,89
breast,HLA-B*40:06,98,98,98,98,98,95
liver,HLA-A*23:01,98,98,98,98,98,95
cerebellum,HLA-B*27:05,97,97,97,97,97,93
esophagus,HLA-B*13:02,97,97,97,97,97,93
tongue,HLA-B*35:01,96,96,96,96,96,90
trachea,HLA-B*35:03,96,96,96,96,96,92
blood,HLA-B*27:03,95,95,95,95,95,90
bone marrow,HLA-B*14:02,95,95,95,95,95,92
aorta,HLA-B*44:02,94,94,94,94,94,83
spleen,HLA-A*32:01,93,93,93,93,93,86
trachea,HLA-B*35:01,93,93,93,93,93,89
bone marrow,HLA-A*32:01,92,92,92,92,92,89
bladder,HLA-A*24:02,91,91,91,91,91,88
bladder,HLA-B*44:02,91,91,91,91,91,81
bone marrow,HLA-A*02:05,91,91,91,91,91,89
breast,HLA-A*23:01,91,91,91,91,91,89
esophagus,HLA-A*24:02,91,91,91,91,91,89
esophagus,HLA-A*68:02,90,90,90,90,90,86
NA,HLA-B*27:05,89,89,89,89,89,79
bladder,HLA-A*02:01,89,89,89,89,89,86
tongue,HLA-B*58:01,89,89,89,89,89,78
pancreas,HLA-B*49:01,88,88,88,88,88,85
bladder,HLA-B*45:01,87,87,87,87,87,81
blood,HLA-B*35:03,87,87,87,87,87,83
pancreas,HLA-A*11:01,87,87,87,87,87,81
aorta,HLA-A*68:02,86,86,86,86,86,85
breast,HLA-B*45:01,86,86,86,86,86,78
cerebellum,HLA-B*14:02,86,86,86,86,86,83
ovary,HLA-B*27:05,86,86,86,86,86,82
spleen,HLA-B*35:03,86,86,86,86,86,82
brain,HLA-A*68:01,85,85,85,85,85,83
gallbladder,HLA-B*49:01,85,85,85,85,85,83
ovary,HLA-B*50:01,84,84,84,84,84,82
small intestine,HLA-B*40:02,83,83,83,83,83,79
adrenal gland,HLA-B*50:01,82,82,82,82,82,79
blood,HLA-B*27:04,81,81,81,81,81,78
colon,HLA-A*68:02,81,81,81,81,81,78
colon,HLA-A*32:01,80,80,80,80,80,75
lymph node,HLA-B*27:05,80,80,80,80,80,77
testis,HLA-A*02:01,79,79,79,79,79,77
testis,HLA-B*40:02,79,79,79,79,79,76
thyroid,HLA-B*50:01,79,79,79,79,79,75
kidney,HLA-B*18:01,78,78,78,78,78,73
kidney,HLA-B*50:01,78,78,78,78,78,77
muscle,HLA-B*44:02,78,78,78,78,78,68
breast,HLA-C*15:02,77,77,77,77,77,72
colon,HLA-A*03:01,77,77,77,77,77,76
lymphoid,HLA-C*17:01,77,77,77,77,77,69
cerebellum,HLA-A*23:01,76,76,76,76,76,75
testis,HLA-A*68:02,76,76,76,76,76,72
thyroid,HLA-B*35:03,76,76,76,76,76,72
adrenal gland,HLA-B*14:02,75,75,75,75,75,73
bladder,HLA-A*68:02,75,75,75,75,75,73
small intestine,HLA-A*24:02,75,75,75,75,75,74
tongue,HLA-A*02:05,75,75,75,75,75,68
spleen,HLA-C*04:01,73,73,73,73,73,72
thyroid,HLA-B*35:01,73,73,73,73,73,70
trachea,HLA-A*68:02,73,73,73,73,73,71
lung,HLA-C*07:02,72,72,72,72,72,52
bladder,HLA-B*35:03,71,71,71,71,71,69
heart,HLA-B*44:02,71,71,71,71,71,62
spleen,HLA-B*58:01,71,71,71,71,71,66
lung,HLA-B*15:17,70,70,70,70,70,62
lymphoid,HLA-A*02:03,70,70,70,70,70,66
muscle,HLA-A*68:01,70,70,70,70,70,66
kidney,HLA-A*02:05,69,69,69,69,69,68
colon,HLA-B*07:02,68,68,68,68,68,63
kidney,HLA-B*14:02,68,68,68,68,68,65
ovary,HLA-C*04:01,68,68,68,68,68,67
uterus,HLA-A*23:01,68,68,68,68,68,66
brain,HLA-C*01:02,67,67,67,67,67,64
pancreas,HLA-B*14:02,67,67,67,67,67,66
thymus,HLA-C*03:04,67,67,67,67,67,65
bladder,HLA-B*49:01,66,66,66,66,66,65
esophagus,HLA-B*14:02,66,66,66,66,66,64
esophagus,HLA-B*49:01,66,66,66,66,66,64
lymphoid,HLA-B*53:01,66,66,66,66,66,62
skin,HLA-B*35:01,66,66,66,66,66,61
NA,HLA-A*01:01,65,65,65,65,65,46
adrenal gland,HLA-A*68:01,65,65,65,65,65,63
pancreas,HLA-B*27:05,65,65,65,65,65,63
spleen,HLA-B*40:02,65,65,65,65,65,61
thyroid,HLA-A*68:02,65,65,65,65,65,61
thyroid,HLA-B*27:05,65,65,65,65,65,63
blood,HLA-A*23:01,64,64,64,64,64,63
pleural effusion,HLA-A*30:02,64,64,64,64,64,62
blood,HLA-B*27:06,63,63,63,63,63,62
bone marrow,HLA-B*58:01,63,63,63,63,63,62
small intestine,HLA-C*04:01,63,63,63,63,63,63
trachea,HLA-A*24:02,63,63,63,63,63,61
spleen,HLA-C*03:04,62,62,62,62,62,62
trachea,HLA-B*14:02,62,62,62,62,62,61
kidney,HLA-A*32:01,61,61,61,61,61,55
thymus,HLA-C*12:03,61,61,61,61,61,59
brain,HLA-B*49:01,60,60,60,60,60,59
esophagus,HLA-B*27:05,60,60,60,60,60,58
heart,HLA-B*58:01,60,60,60,60,60,55
skin,HLA-B*50:01,60,60,60,60,60,60
aorta,HLA-B*58:01,59,59,59,59,59,55
brain,HLA-A*03:01,59,59,59,59,59,59
skin,HLA-B*35:03,58,58,58,58,58,55
thyroid,HLA-C*04:01,58,58,58,58,58,58
trachea,HLA-B*58:01,58,58,58,58,58,51
esophagus,HLA-B*08:01,57,57,57,57,57,55
muscle,HLA-A*24:02,57,57,57,57,57,56
spinal cord,HLA-B*15:01,57,57,57,57,57,57
muscle,HLA-A*02:05,56,56,56,56,56,55
small intestine,HLA-A*32:01,56,56,56,56,56,54
brain,HLA-C*07:01,55,55,55,55,55,52
skin,HLA-A*23:01,55,55,55,55,55,53
thyroid,HLA-B*08:01,55,55,55,55,55,52
trachea,HLA-B*27:05,55,55,55,55,55,52
lymph node,HLA-B*37:01,54,54,54,54,54,53
thymus,HLA-C*07:02,54,54,54,54,54,53
aorta,HLA-A*02:05,53,53,53,53,53,52
bone marrow,HLA-C*04:01,53,53,53,53,53,53
breast,HLA-B*51:01,53,53,53,53,53,53
spleen,HLA-B*37:01,53,53,53,53,53,53
aorta,HLA-B*35:01,52,52,52,52,52,51
heart,HLA-A*02:01,52,52,52,52,52,52
liver,HLA-B*50:01,51,51,51,51,51,50
spleen,HLA-B*50:01,51,51,51,51,51,50
spleen,HLA-C*06:02,51,51,51,51,51,47
NA,HLA-A*03:01,50,50,50,50,50,42
lymphoid,HLA-B*27:03,50,50,50,50,50,47
tongue,HLA-B*37:01,50,50,50,50,50,49
trachea,HLA-A*02:05,50,50,50,50,50,50
aorta,HLA-B*14:02,49,49,49,49,49,48
breast,HLA-B*14:02,49,49,49,49,49,48
breast,HLA-B*44:02,49,49,49,49,49,46
heart,HLA-B*35:01,49,49,49,49,49,48
testis,HLA-A*32:01,49,49,49,49,49,47
testis,HLA-B*45:01,49,49,49,49,49,49
uterus,HLA-B*50:01,48,48,48,48,48,47
bone marrow,HLA-B*37:01,47,47,47,47,47,47
heart,HLA-B*13:02,47,47,47,47,47,42
lung,HLA-B*35:02,47,47,47,47,47,39
muscle,HLA-B*13:02,47,47,47,47,47,44
testis,HLA-B*58:01,47,47,47,47,47,42
brain,HLA-B*07:02,46,46,46,46,46,42
liver,HLA-B*37:01,46,46,46,46,46,46
prostate,HLA-A*11:01,46,46,46,46,46,44
NA,HLA-A*24:02,45,45,45,45,45,34
blood,HLA-B*27:07,45,45,45,45,45,42
cerebellum,HLA-B*44:02,45,45,45,45,45,39
muscle,HLA-B*58:01,45,45,45,45,45,40
small intestine,HLA-A*02:05,45,45,45,45,45,44
testis,HLA-B*14:02,45,45,45,45,45,44
tongue,HLA-B*27:05,45,45,45,45,45,42
uterine cervix,HLA-B*35:01,45,45,45,45,45,44
adrenal gland,HLA-B*37:01,44,44,44,44,44,44
cerebellum,HLA-B*50:01,44,44,44,44,44,44
pancreas,HLA-B*40:02,44,44,44,44,44,43
cerebellum,HLA-A*03:01,43,43,43,43,43,43
lymphoid,HLA-C*07:04,43,43,43,43,43,41
prostate,HLA-B*49:01,43,43,43,43,43,42
thymus,HLA-C*16:01,43,43,43,43,43,43
uterine cervix,HLA-B*45:01,41,41,41,41,41,40
kidney,HLA-C*04:01,40,40,40,40,40,40
spleen,HLA-B*45:01,40,40,40,40,40,37
testis,HLA-B*27:05,40,40,40,40,40,39
aorta,HLA-B*49:01,39,39,39,39,39,38
cerebellum,HLA-B*35:01,39,39,39,39,39,37
heart,HLA-A*68:01,39,39,39,39,39,37
kidney,HLA-C*03:04,39,39,39,39,39,39
trachea,HLA-B*37:01,39,39,39,39,39,39
bladder,HLA-B*14:02,38,38,38,38,38,37
heart,HLA-A*02:05,38,38,38,38,38,37
liver,HLA-C*04:01,38,38,38,38,38,38
spinal cord,HLA-A*68:01,38,38,38,38,38,37
spleen,HLA-C*03:03,38,38,38,38,38,38
testis,HLA-A*03:01,38,38,38,38,38,38
testis,HLA-B*13:02,38,38,38,38,38,38
thyroid,HLA-B*45:01,38,38,38,38,38,38
NA,HLA-A*68:02,37,37,37,37,37,8
bladder,HLA-A*02:05,37,37,37,37,37,37
brain,HLA-B*27:05,37,37,37,37,37,37
colon,HLA-B*37:01,37,37,37,37,37,37
esophagus,HLA-C*04:01,37,37,37,37,37,37
lung,HLA-C*17:01,37,37,37,37,37,30
muscle,HLA-B*49:01,37,37,37,37,37,37
prostate,HLA-C*07:04,37,37,37,37,37,36
NA,HLA-A*11:01,36,36,36,36,36,30
aorta,HLA-B*13:02,36,36,36,36,36,34
small intestine,HLA-C*03:04,36,36,36,36,36,36
trachea,HLA-C*04:01,36,36,36,36,36,36
adrenal gland,HLA-C*04:01,35,35,35,35,35,35
bladder,HLA-B*27:05,35,35,35,35,35,33
muscle,HLA-A*68:02,35,35,35,35,35,31
pancreas,HLA-A*03:01,35,35,35,35,35,33
small intestine,HLA-C*08:02,35,35,35,35,35,34
spleen,HLA-A*02:05,35,35,35,35,35,33
cerebellum,HLA-B*07:02,34,34,34,34,34,32
lymphoid,HLA-B*27:04,34,34,34,34,34,34
skin,HLA-C*04:01,34,34,34,34,34,34
tongue,HLA-C*08:02,34,34,34,34,34,32
lung,HLA-C*02:02,33,33,33,33,33,32
thymus,HLA-C*05:01,33,33,33,33,33,32
thyroid,HLA-A*30:01,33,33,33,33,33,32
thyroid,HLA-B*14:02,33,33,33,33,33,33
uterus,HLA-C*04:01,33,33,33,33,33,32
central nervous system (CNS),HLA-A*26:01,32,32,32,32,32,32
cerebellum,HLA-A*30:01,32,32,32,32,32,32
lymphoid,HLA-B*37:01,32,32,32,32,32,31
pleural effusion,HLA-B*14:02,32,32,32,32,32,31
thymus,HLA-B*40:01,32,32,32,32,32,26
uterus,HLA-C*03:04,32,32,32,32,32,32
bone marrow,HLA-B*13:02,31,31,31,31,31,31
colon,HLA-B*08:01,31,31,31,31,31,31
kidney,HLA-B*45:01,31,31,31,31,31,30
testis,HLA-B*35:01,31,31,31,31,31,30
NA,HLA-B*57:01,30,30,30,30,30,28
adrenal gland,HLA-A*24:02,30,30,30,30,30,29
bladder,HLA-B*35:01,30,30,30,30,30,29
colon,HLA-B*14:02,30,30,30,30,30,29
gallbladder,HLA-B*37:01,30,30,30,30,30,30
kidney,HLA-B*58:01,30,30,30,30,30,29
lymphoid,HLA-B*54:01,30,30,30,30,30,28
skin,HLA-B*40:01,30,30,30,30,30,29
spleen,HLA-C*08:02,30,30,30,30,30,27
thyroid,HLA-B*58:01,30,30,30,30,30,28
brain,HLA-A*24:02,29,29,29,29,29,28
esophagus,HLA-C*03:03,29,29,29,29,29,28
heart,HLA-A*24:02,29,29,29,29,29,28
pancreas,HLA-B*40:01,29,29,29,29,29,29
small intestine,HLA-C*03:03,29,29,29,29,29,29
adrenal gland,HLA-C*08:02,28,28,28,28,28,28
lymphoid,HLA-B*27:06,28,28,28,28,28,28
prostate,HLA-A*32:01,28,28,28,28,28,28
prostate,HLA-B*13:02,28,28,28,28,28,28
testis,HLA-A*02:05,28,28,28,28,28,28
thyroid,HLA-A*03:01,28,28,28,28,28,28
NA,HLA-C*05:01,27,27,27,27,27,27
aorta,HLA-B*27:05,27,27,27,27,27,25
bladder,HLA-B*37:01,27,27,27,27,27,27
breast,HLA-B*18:01,27,27,27,27,27,25
cerebellum,HLA-C*04:01,27,27,27,27,27,27
liver,HLA-B*35:03,27,27,27,27,27,26
lymph node,HLA-C*04:01,27,27,27,27,27,27
pancreas,HLA-A*24:02,27,27,27,27,27,26
pleural effusion,HLA-C*05:01,27,27,27,27,27,27
NA,HLA-A*33:03,26,26,26,26,26,25
adrenal gland,HLA-A*32:01,26,26,26,26,26,26
colon,HLA-C*03:03,26,26,26,26,26,26
pancreas,HLA-B*58:01,26,26,26,26,26,26
thyroid,HLA-B*37:01,26,26,26,26,26,26
thyroid,HLA-C*06:02,26,26,26,26,26,25
tongue,HLA-C*04:01,26,26,26,26,26,26
NA,HLA-B*15:01,25,25,25,25,25,22
aorta,HLA-A*24:02,25,25,25,25,25,25
bladder,HLA-B*58:01,25,25,25,25,25,24
bone marrow,HLA-C*16:01,25,25,25,25,25,25
brain,HLA-A*32:01,25,25,25,25,25,24
liver,HLA-B*45:01,25,25,25,25,25,24
lung,HLA-C*03:03,25,25,25,25,25,25
lymphoid,HLA-B*15:17,25,25,25,25,25,21
skin,HLA-A*68:02,25,25,25,25,25,25
NA,HLA-C*08:02,24,24,24,24,24,24
blood,HLA-B*13:02,24,24,24,24,24,24
bone marrow,HLA-C*03:04,24,24,24,24,24,24
lymph node,HLA-B*40:02,24,24,24,24,24,22
brain,HLA-B*37:01,23,23,23,23,23,23
colon,HLA-C*03:04,23,23,23,23,23,23
liver,HLA-C*03:04,23,23,23,23,23,23
lung,HLA-B*45:01,23,23,23,23,23,23
NA,HLA-C*06:02,22,22,22,22,22,13
bladder,HLA-C*04:01,22,22,22,22,22,22
cerebellum,HLA-C*02:02,22,22,22,22,22,21
colon,HLA-B*13:02,22,22,22,22,22,21
testis,HLA-B*35:03,22,22,22,22,22,21
thyroid,HLA-B*40:02,22,22,22,22,22,20
uterus,HLA-B*27:05,22,22,22,22,22,22
NA,HLA-A*29:02,21,21,21,21,21,18
adrenal gland,HLA-B*45:01,21,21,21,21,21,21
aorta,HLA-B*08:01,21,21,21,21,21,19
bladder,HLA-B*08:01,21,21,21,21,21,21
brain,HLA-A*02:05,21,21,21,21,21,21
cerebellum,HLA-B*40:02,21,21,21,21,21,21
esophagus,HLA-A*32:01,21,21,21,21,21,19
muscle,HLA-B*35:01,21,21,21,21,21,19
skin,HLA-C*16:01,21,21,21,21,21,21
small intestine,HLA-B*45:01,21,21,21,21,21,21
NA,HLA-B*51:01,20,20,20,20,20,17
breast,HLA-C*08:02,20,20,20,20,20,18
central nervous system (CNS),HLA-B*38:01,20,20,20,20,20,20
cerebellum,HLA-C*06:02,20,20,20,20,20,20
colon,HLA-A*69:01,20,20,20,20,20,18
kidney,HLA-B*35:03,20,20,20,20,20,19
liver,HLA-A*68:01,20,20,20,20,20,20
liver,HLA-C*07:01,20,20,20,20,20,18
lymph node,HLA-C*08:02,20,20,20,20,20,18
prostate,HLA-B*37:01,20,20,20,20,20,20
skin,HLA-C*03:04,20,20,20,20,20,20
thymus,HLA-B*08:01,20,20,20,20,20,20
aorta,HLA-C*04:01,19,19,19,19,19,19
bone marrow,HLA-C*08:02,19,19,19,19,19,18
central nervous system (CNS),HLA-A*11:01,19,19,19,19,19,19
cerebellum,HLA-A*68:01,19,19,19,19,19,18
heart,HLA-C*04:01,19,19,19,19,19,18
liver,HLA-B*44:03,19,19,19,19,19,18
lymph node,HLA-A*69:01,19,19,19,19,19,19
lymphoid,HLA-A*02:02,19,19,19,19,19,9
lymphoid,HLA-B*35:08,19,19,19,19,19,19
muscle,HLA-A*02:01,19,19,19,19,19,19
spleen,HLA-B*35:08,19,19,19,19,19,19
thymus,HLA-A*31:01,19,19,19,19,19,18
thymus,HLA-A*66:01,19,19,19,19,19,19
trachea,HLA-A*69:01,19,19,19,19,19,16
NA,HLA-B*15:02,18,18,18,18,18,15
NA,HLA-B*40:02,18,18,18,18,18,11
aorta,HLA-C*08:02,18,18,18,18,18,16
kidney,HLA-C*02:02,18,18,18,18,18,16
liver,HLA-C*02:02,18,18,18,18,18,17
liver,HLA-C*08:02,18,18,18,18,18,18
trachea,HLA-C*03:04,18,18,18,18,18,18
adrenal gland,HLA-C*03:03,17,17,17,17,17,17
brain,HLA-B*58:01,17,17,17,17,17,16
cerebellum,HLA-B*35:08,17,17,17,17,17,17
kidney,HLA-B*40:01,17,17,17,17,17,16
kidney,HLA-C*03:03,17,17,17,17,17,17
thyroid,HLA-B*35:08,17,17,17,17,17,17
tongue,HLA-C*03:04,17,17,17,17,17,17
esophagus,HLA-C*02:02,16,16,16,16,16,15
muscle,HLA-B*14:02,16,16,16,16,16,16
ovary,HLA-C*03:04,16,16,16,16,16,16
pancreas,HLA-B*13:02,16,16,16,16,16,16
pancreas,HLA-B*37:01,16,16,16,16,16,16
skin,HLA-B*58:01,16,16,16,16,16,15
spleen,HLA-C*02:02,16,16,16,16,16,16
thymus,HLA-C*06:02,16,16,16,16,16,16
tongue,HLA-C*07:02,16,16,16,16,16,16
NA,HLA-B*27:04,15,15,15,15,15,15
adrenal gland,HLA-B*35:03,15,15,15,15,15,14
aorta,HLA-B*37:01,15,15,15,15,15,15
bladder,HLA-C*03:03,15,15,15,15,15,15
brain,HLA-B*35:01,15,15,15,15,15,15
esophagus,HLA-B*37:01,15,15,15,15,15,15
kidney,HLA-A*03:01,15,15,15,15,15,15
lymphoid,HLA-B*40:06,15,15,15,15,15,15
muscle,HLA-A*32:01,15,15,15,15,15,13
ovary,HLA-C*07:02,15,15,15,15,15,14
skin,HLA-B*37:01,15,15,15,15,15,14
spinal cord,HLA-A*11:01,15,15,15,15,15,14
spleen,HLA-A*69:01,15,15,15,15,15,15
testis,HLA-B*37:01,15,15,15,15,15,15
thymus,HLA-A*68:02,15,15,15,15,15,15
thyroid,HLA-A*02:05,15,15,15,15,15,15
tongue,HLA-A*69:01,15,15,15,15,15,13
trachea,HLA-C*16:01,15,15,15,15,15,15
NA,HLA-C*12:03,14,14,14,14,14,5
adrenal gland,HLA-C*02:02,14,14,14,14,14,12
bone marrow,HLA-C*02:02,14,14,14,14,14,14
breast,HLA-C*04:01,14,14,14,14,14,13
esophagus,HLA-A*30:01,14,14,14,14,14,14
liver,HLA-A*69:01,14,14,14,14,14,14
liver,HLA-B*35:02,14,14,14,14,14,14
prostate,HLA-B*58:01,14,14,14,14,14,13
small intestine,HLA-B*08:01,14,14,14,14,14,14
testis,HLA-A*69:01,14,14,14,14,14,13
testis,HLA-C*04:01,14,14,14,14,14,14
NA,HLA-B*35:01,13,13,13,13,13,12
NA,HLA-B*58:01,13,13,13,13,13,12
adrenal gland,HLA-A*69:01,13,13,13,13,13,13
adrenal gland,HLA-C*03:04,13,13,13,13,13,13
blood,HLA-B*27:01,13,13,13,13,13,13
cerebellum,HLA-C*07:01,13,13,13,13,13,11
gallbladder,HLA-B*44:02,13,13,13,13,13,13
lymphoid,HLA-B*27:08,13,13,13,13,13,13
lymphoid,HLA-B*41:01,13,13,13,13,13,12
pleural effusion,HLA-A*33:01,13,13,13,13,13,13
pleural effusion,HLA-B*41:01,13,13,13,13,13,12
prostate,HLA-B*15:01,13,13,13,13,13,13
skin,HLA-B*40:02,13,13,13,13,13,12
thymus,HLA-B*49:01,13,13,13,13,13,12
thyroid,HLA-C*03:03,13,13,13,13,13,13
cerebellum,HLA-C*08:02,12,12,12,12,12,12
esophagus,HLA-B*35:08,12,12,12,12,12,12
gastrointestinal tract,HLA-A*68:01,12,12,12,12,12,11
heart,HLA-A*32:01,12,12,12,12,12,12
pancreas,HLA-A*02:05,12,12,12,12,12,12
small intestine,HLA-C*06:02,12,12,12,12,12,11
testis,HLA-C*03:03,12,12,12,12,12,12
thyroid,HLA-A*69:01,12,12,12,12,12,12
NA,HLA-C*03:03,11,11,11,11,11,2
aorta,HLA-C*02:02,11,11,11,11,11,11
bladder,HLA-C*16:01,11,11,11,11,11,11
brain,HLA-C*03:03,11,11,11,11,11,11
central nervous system (CNS),HLA-B*07:02,11,11,11,11,11,11
cerebellum,HLA-B*37:01,11,11,11,11,11,11
cerebellum,HLA-B*49:01,11,11,11,11,11,11
colon,HLA-B*35:01,11,11,11,11,11,11
heart,HLA-A*23:01,11,11,11,11,11,10
heart,HLA-B*37:01,11,11,11,11,11,11
heart,HLA-C*03:03,11,11,11,11,11,11
muscle,HLA-B*37:01,11,11,11,11,11,11
pancreas,HLA-A*23:01,11,11,11,11,11,11
pancreas,HLA-A*69:01,11,11,11,11,11,11
pancreas,HLA-C*08:02,11,11,11,11,11,11
skin,HLA-A*69:01,11,11,11,11,11,9
small intestine,HLA-B*35:08,11,11,11,11,11,11
testis,HLA-A*30:01,11,11,11,11,11,11
thymus,HLA-A*30:02,11,11,11,11,11,11
thyroid,HLA-C*02:02,11,11,11,11,11,10
NA,HLA-A*02:02,10,10,10,10,10,6
NA,HLA-B*27:02,10,10,10,10,10,9
NA,HLA-B*27:06,10,10,10,10,10,10
adrenal gland,HLA-C*07:02,10,10,10,10,10,10
bladder,HLA-A*69:01,10,10,10,10,10,10
blood,HLA-A*66:01,10,10,10,10,10,10
breast,HLA-C*07:01,10,10,10,10,10,10
esophagus,HLA-C*03:04,10,10,10,10,10,10
gallbladder,HLA-A*02:01,10,10,10,10,10,10
heart,HLA-C*07:01,10,10,10,10,10,7
lymphoid,HLA-A*30:02,10,10,10,10,10,9
lymphoid,HLA-B*27:02,10,10,10,10,10,10
prostate,HLA-B*40:02,10,10,10,10,10,10
skin,HLA-B*27:05,10,10,10,10,10,10
thyroid,HLA-C*03:04,10,10,10,10,10,10
aorta,HLA-B*35:08,9,9,9,9,9,9
bone marrow,HLA-A*69:01,9,9,9,9,9,9
cerebellum,HLA-A*69:01,9,9,9,9,9,9
cerebellum,HLA-B*58:01,9,9,9,9,9,9
heart,HLA-B*35:08,9,9,9,9,9,9
kidney,HLA-A*30:01,9,9,9,9,9,9
kidney,HLA-C*07:01,9,9,9,9,9,7
prostate,HLA-B*35:08,9,9,9,9,9,9
skin,HLA-B*14:02,9,9,9,9,9,9
small intestine,HLA-A*30:01,9,9,9,9,9,9
tongue,HLA-C*02:02,9,9,9,9,9,9
NA,HLA-A*02:06,8,8,8,8,8,5
NA,HLA-A*31:01,8,8,8,8,8,8
NA,HLA-B*14:02,8,8,8,8,8,8
NA,HLA-B*40:01,8,8,8,8,8,3
NA,HLA-C*03:04,8,8,8,8,8,6
NA,HLA-C*07:01,8,8,8,8,8,2
adrenal gland,HLA-C*06:02,8,8,8,8,8,8
bladder,HLA-C*02:02,8,8,8,8,8,8
brain,HLA-A*69:01,8,8,8,8,8,8
breast,HLA-C*05:01,8,8,8,8,8,8
cerebellum,HLA-B*08:01,8,8,8,8,8,8
cerebellum,HLA-C*03:04,8,8,8,8,8,8
embryo,HLA-A*02:01,8,8,8,8,8,1
esophagus,HLA-A*69:01,8,8,8,8,8,8
esophagus,HLA-C*08:02,8,8,8,8,8,8
gallbladder,HLA-A*69:01,8,8,8,8,8,8
heart,HLA-A*30:01,8,8,8,8,8,8
heart,HLA-C*02:02,8,8,8,8,8,8
kidney,HLA-B*37:01,8,8,8,8,8,8
kidney,HLA-C*07:02,8,8,8,8,8,8
lymph node,HLA-A*02:05,8,8,8,8,8,8
lymphoid,HLA-A*02:06,8,8,8,8,8,5
muscle,HLA-A*03:01,8,8,8,8,8,8
muscle,HLA-C*03:03,8,8,8,8,8,8
muscle,HLA-C*04:01,8,8,8,8,8,8
pancreas,HLA-C*02:02,8,8,8,8,8,8
prostate,HLA-A*69:01,8,8,8,8,8,8
prostate,HLA-C*03:03,8,8,8,8,8,8
skin,HLA-C*03:03,8,8,8,8,8,8
spleen,HLA-C*07:01,8,8,8,8,8,7
testis,HLA-C*02:02,8,8,8,8,8,8
testis,HLA-C*06:02,8,8,8,8,8,7
thyroid,HLA-C*07:01,8,8,8,8,8,7
trachea,HLA-C*08:02,8,8,8,8,8,8
NA,HLA-C*04:01,7,7,7,7,7,6
NA,HLA-C*07:02,7,7,7,7,7,4
aorta,HLA-A*30:01,7,7,7,7,7,7
aorta,HLA-A*69:01,7,7,7,7,7,7
aorta,HLA-C*07:01,7,7,7,7,7,6
blood,HLA-A*68:01,7,7,7,7,7,6
blood,HLA-B*38:01,7,7,7,7,7,7
bone marrow,HLA-C*07:01,7,7,7,7,7,6
brain,HLA-B*35:03,7,7,7,7,7,7
brain,HLA-C*02:02,7,7,7,7,7,7
breast,HLA-B*40:01,7,7,7,7,7,4
breast,HLA-C*07:02,7,7,7,7,7,6
kidney,HLA-C*08:02,7,7,7,7,7,7
liver,HLA-C*07:02,7,7,7,7,7,7
liver,HLA-C*16:01,7,7,7,7,7,7
liver,HLA-C*17:01,7,7,7,7,7,7
lymph node,HLA-A*24:02,7,7,7,7,7,6
lymph node,HLA-C*02:02,7,7,7,7,7,7
muscle,HLA-A*30:01,7,7,7,7,7,7
muscle,HLA-B*07:02,7,7,7,7,7,7
muscle,HLA-B*35:08,7,7,7,7,7,7
prostate,HLA-A*02:05,7,7,7,7,7,7
prostate,HLA-A*30:01,7,7,7,7,7,7
small intestine,HLA-C*07:02,7,7,7,7,7,7
spleen,HLA-C*07:02,7,7,7,7,7,7
tongue,HLA-C*03:03,7,7,7,7,7,7
NA,HLA-A*66:01,6,6,6,6,6,6
NA,HLA-B*08:01,6,6,6,6,6,6
NA,HLA-B*18:01,6,6,6,6,6,5
NA,HLA-B*27:01,6,6,6,6,6,6
NA,HLA-B*27:03,6,6,6,6,6,6
NA,HLA-B*39:01,6,6,6,6,6,5
aorta,HLA-C*03:04,6,6,6,6,6,6
bladder,HLA-A*32:01,6,6,6,6,6,6
bladder,HLA-C*03:04,6,6,6,6,6,6
bladder,HLA-C*07:01,6,6,6,6,6,5
cerebellum,HLA-B*35:03,6,6,6,6,6,6
colon,HLA-C*06:02,6,6,6,6,6,5
esophagus,HLA-C*06:02,6,6,6,6,6,6
esophagus,HLA-C*07:04,6,6,6,6,6,6
gastrointestinal tract,HLA-B*07:02,6,6,6,6,6,6
heart,HLA-C*03:04,6,6,6,6,6,6
liver,HLA-C*06:02,6,6,6,6,6,6
other,HLA-B*07:02,6,6,6,6,6,5
spleen,HLA-C*07:04,6,6,6,6,6,6
testis,HLA-C*16:01,6,6,6,6,6,6
trachea,HLA-C*02:02,6,6,6,6,6,6
NA,HLA-C*01:02,5,5,5,5,5,5
adrenal gland,HLA-C*16:01,5,5,5,5,5,5
aorta,HLA-C*03:03,5,5,5,5,5,5
bladder,HLA-C*08:02,5,5,5,5,5,5
bone marrow,HLA-A*30:01,5,5,5,5,5,5
bone marrow,HLA-B*35:08,5,5,5,5,5,5
bone marrow,HLA-C*06:02,5,5,5,5,5,5
central nervous system (CNS),HLA-A*03:01,5,5,5,5,5,5
colon,HLA-B*35:08,5,5,5,5,5,5
colon,HLA-C*07:01,5,5,5,5,5,4
colon,HLA-C*08:02,5,5,5,5,5,5
esophagus,HLA-C*07:01,5,5,5,5,5,4
heart,HLA-B*50:01,5,5,5,5,5,5
kidney,HLA-C*06:02,5,5,5,5,5,5
liver,HLA-A*02:05,5,5,5,5,5,4
lymphoid,HLA-B*27:07,5,5,5,5,5,5
ovary,HLA-C*02:02,5,5,5,5,5,5
pancreas,HLA-B*35:08,5,5,5,5,5,5
testis,HLA-C*08:02,5,5,5,5,5,5
thymus,HLA-A*11:01,5,5,5,5,5,5
thyroid,HLA-C*16:01,5,5,5,5,5,5
trachea,HLA-C*03:03,5,5,5,5,5,5
NA,HLA-A*26:01,4,4,4,4,4,3
NA,HLA-B*27:09,4,4,4,4,4,4
NA,HLA-B*44:03,4,4,4,4,4,4
NA,HLA-C*14:02,4,4,4,4,4,4
blood,HLA-A*26:01,4,4,4,4,4,4
blood,HLA-B*42:01,4,4,4,4,4,4
blood,HLA-B*49:01,4,4,4,4,4,4
bone marrow,HLA-C*03:03,4,4,4,4,4,4
bone marrow,HLA-C*07:04,4,4,4,4,4,4
central nervous system (CNS),HLA-A*31:01,4,4,4,4,4,4
colon,HLA-A*30:01,4,4,4,4,4,4
colon,HLA-C*02:02,4,4,4,4,4,4
heart,HLA-A*69:01,4,4,4,4,4,4
kidney,HLA-B*41:01,4,4,4,4,4,4
kidney,HLA-C*07:04,4,4,4,4,4,4
lymphoid,HLA-B*27:01,4,4,4,4,4,4
muscle,HLA-A*69:01,4,4,4,4,4,4
muscle,HLA-C*02:02,4,4,4,4,4,4
other,HLA-A*03:01,4,4,4,4,4,4
other,HLA-A*24:02,4,4,4,4,4,4
pancreas,HLA-C*03:04,4,4,4,4,4,4
prostate,HLA-A*24:02,4,4,4,4,4,4
skin,HLA-A*02:05,4,4,4,4,4,4
skin,HLA-C*06:02,4,4,4,4,4,4
skin,HLA-C*08:02,4,4,4,4,4,4
small intestine,HLA-C*07:01,4,4,4,4,4,3
small intestine,HLA-C*16:01,4,4,4,4,4,4
spinal cord,HLA-B*35:03,4,4,4,4,4,4
spleen,HLA-C*16:01,4,4,4,4,4,4
thyroid,HLA-C*08:02,4,4,4,4,4,4
tongue,HLA-A*32:01,4,4,4,4,4,4
NA,HLA-A*02:03,3,3,3,3,3,3
NA,HLA-A*25:01,3,3,3,3,3,2
NA,HLA-B*44:02,3,3,3,3,3,3
NA,HLA-B*46:01,3,3,3,3,3,3
NA,HLA-B*57:03,3,3,3,3,3,3
adrenal gland,HLA-C*07:01,3,3,3,3,3,3
blood,HLA-A*30:02,3,3,3,3,3,3
bone marrow,HLA-B*35:02,3,3,3,3,3,3
brain,HLA-C*04:01,3,3,3,3,3,3
brain,HLA-C*07:02,3,3,3,3,3,3
breast,HLA-A*31:01,3,3,3,3,3,2
cerebellum,HLA-C*07:02,3,3,3,3,3,3
embryo,HLA-A*03:02,3,3,3,3,3,3
gastrointestinal tract,HLA-A*02:01,3,3,3,3,3,3
heart,HLA-C*06:02,3,3,3,3,3,3
kidney,HLA-A*69:01,3,3,3,3,3,3
kidney,HLA-C*16:01,3,3,3,3,3,3
liver,HLA-C*07:04,3,3,3,3,3,3
lung,HLA-A*03:02,3,3,3,3,3,3
lung,HLA-C*07:04,3,3,3,3,3,3
lymph node,HLA-A*26:01,3,3,3,3,3,2
lymph node,HLA-C*07:02,3,3,3,3,3,3
muscle,HLA-C*06:02,3,3,3,3,3,3
other,HLA-B*27:05,3,3,3,3,3,3
other,HLA-B*44:02,3,3,3,3,3,3
pancreas,HLA-A*30:01,3,3,3,3,3,3
pancreas,HLA-C*04:01,3,3,3,3,3,3
pancreas,HLA-C*06:02,3,3,3,3,3,3
pleural effusion,HLA-C*02:02,3,3,3,3,3,3
prostate,HLA-A*02:01,3,3,3,3,3,3
prostate,HLA-B*44:02,3,3,3,3,3,3
skin,HLA-C*07:02,3,3,3,3,3,3
small intestine,HLA-C*07:04,3,3,3,3,3,3
stomach,HLA-A*02:01,3,3,3,3,3,3
testis,HLA-B*35:08,3,3,3,3,3,3
thymus,HLA-B*14:02,3,3,3,3,3,3
NA,HLA-A*68:01,2,2,2,2,2,2
NA,HLA-A*69:01,2,2,2,2,2,2
NA,HLA-B*38:01,2,2,2,2,2,2
NA,HLA-B*54:01,2,2,2,2,2,2
aorta,HLA-C*07:02,2,2,2,2,2,2
bladder,HLA-C*07:04,2,2,2,2,2,2
blood,HLA-B*37:01,2,2,2,2,2,2
blood,HLA-B*52:01,2,2,2,2,2,2
brain,HLA-C*07:04,2,2,2,2,2,2
breast,HLA-C*03:04,2,2,2,2,2,2
colon,HLA-B*18:01,2,2,2,2,2,2
gallbladder,HLA-B*08:01,2,2,2,2,2,2
gastrointestinal tract,HLA-A*01:01,2,2,2,2,2,2
gastrointestinal tract,HLA-A*03:01,2,2,2,2,2,2
heart,HLA-C*07:02,2,2,2,2,2,2
lung,HLA-C*16:01,2,2,2,2,2,2
lymph node,HLA-A*02:06,2,2,2,2,2,2
muscle,HLA-B*27:05,2,2,2,2,2,2
muscle,HLA-C*08:02,2,2,2,2,2,2
oropharynx,HLA-A*02:01,2,2,2,2,2,1
other,HLA-A*01:01,2,2,2,2,2,1
other,HLA-A*68:01,2,2,2,2,2,1
ovary,HLA-A*24:02,2,2,2,2,2,2
ovary,HLA-A*29:02,2,2,2,2,2,1
ovary,HLA-C*06:02,2,2,2,2,2,2
peripheral nervous system,HLA-A*02:01,2,2,2,2,2,2
pituitary gland,HLA-A*02:01,2,2,2,2,2,2
pleural effusion,HLA-B*40:02,2,2,2,2,2,2
prostate,HLA-C*06:02,2,2,2,2,2,2
salivary gland,HLA-A*02:01,2,2,2,2,2,2
skin,HLA-C*02:02,2,2,2,2,2,2
skin,HLA-C*12:03,2,2,2,2,2,2
testis,HLA-C*07:01,2,2,2,2,2,1
testis,HLA-C*07:02,2,2,2,2,2,2
testis,HLA-C*07:04,2,2,2,2,2,2
thymus,HLA-A*32:01,2,2,2,2,2,2
thyroid,HLA-C*07:02,2,2,2,2,2,2
uterus,HLA-C*02:02,2,2,2,2,2,2
uterus,HLA-C*06:02,2,2,2,2,2,2
NA,HLA-A*02:07,1,1,1,1,1,1
NA,HLA-A*33:01,1,1,1,1,1,1
NA,HLA-B*13:02,1,1,1,1,1,1
NA,HLA-B*37:01,1,1,1,1,1,1
NA,HLA-B*53:01,1,1,1,1,1,1
adipose tissue,HLA-A*02:01,1,1,1,1,1,1
blood,HLA-A*69:01,1,1,1,1,1,1
blood,HLA-B*39:06,1,1,1,1,1,1
bone marrow,HLA-B*38:01,1,1,1,1,1,1
bone marrow,HLA-B*39:06,1,1,1,1,1,1
breast,HLA-C*02:02,1,1,1,1,1,1
central nervous system (CNS),HLA-A*32:01,1,1,1,1,1,1
central nervous system (CNS),HLA-B*44:02,1,1,1,1,1,1
colon,HLA-B*45:01,1,1,1,1,1,1
colon,HLA-C*07:04,1,1,1,1,1,1
gallbladder,HLA-C*06:02,1,1,1,1,1,1
gastrointestinal tract,HLA-B*08:01,1,1,1,1,1,1
gastrointestinal tract,HLA-B*27:05,1,1,1,1,1,1
gastrointestinal tract,HLA-B*44:02,1,1,1,1,1,1
heart,HLA-C*07:04,1,1,1,1,1,1
liver,HLA-A*32:01,1,1,1,1,1,1
liver,HLA-B*13:02,1,1,1,1,1,1
liver,HLA-C*03:03,1,1,1,1,1,1
lung,HLA-B*40:06,1,1,1,1,1,1
lymph node,HLA-B*39:01,1,1,1,1,1,1
lymph node,HLA-B*58:01,1,1,1,1,1,1
lymph node,HLA-C*03:03,1,1,1,1,1,1
lymph node,HLA-C*06:02,1,1,1,1,1,1
lymph node,HLA-C*07:01,1,1,1,1,1,1
lymphoid,HLA-B*42:01,1,1,1,1,1,1
lymphoid,HLA-B*52:01,1,1,1,1,1,1
metastatic site,HLA-A*02:01,1,1,1,1,1,1
metastatic site,HLA-A*03:01,1,1,1,1,1,1
mouth,HLA-A*24:02,1,1,1,1,1,1
muscle,HLA-C*07:04,1,1,1,1,1,1
other,HLA-B*15:01,1,1,1,1,1,1
other,HLA-B*18:01,1,1,1,1,1,1
other,HLA-B*40:01,1,1,1,1,1,1
other,HLA-B*51:01,1,1,1,1,1,1
other,HLA-B*53:01,1,1,1,1,1,1
other,HLA-B*56:01,1,1,1,1,1,1
other,HLA-C*12:02,1,1,1,1,1,1
ovary,HLA-A*01:01,1,1,1,1,1,1
ovary,HLA-A*03:01,1,1,1,1,1,1
ovary,HLA-B*49:01,1,1,1,1,1,1
ovary,HLA-B*51:01,1,1,1,1,1,1
pancreas,HLA-B*38:01,1,1,1,1,1,1
pancreas,HLA-B*50:01,1,1,1,1,1,1
pancreas,HLA-C*07:01,1,1,1,1,1,1
pleural effusion,HLA-C*17:01,1,1,1,1,1,1
prostate,HLA-C*04:01,1,1,1,1,1,1
skin,HLA-A*31:01,1,1,1,1,1,1
skin,HLA-B*08:01,1,1,1,1,1,1
skin,HLA-C*05:01,1,1,1,1,1,1
spinal cord,HLA-C*04:01,1,1,1,1,1,1
synovial fluid,HLA-A*02:01,1,1,1,1,1,1
thymus,HLA-C*17:01,1,1,1,1,1,1
tongue,HLA-C*06:02,1,1,1,1,1,1
trachea,HLA-C*06:02,1,1,1,1,1,1
trachea,HLA-C*07:01,1,1,1,1,1,1
