target_tissue,mhc_restriction,total_pairs_before_filter,train_pairs,test_pairs,train_rows,test_rows,train_positive_rows,train_negative_rows,test_positive_rows,test_negative_rows,n_uniprot_ids
lymph node,HLA-A*02:01,6565,6465,100,12930,200,6465,6465,100,100,3628
blood,HLA-A*02:01,4497,4397,100,8794,200,4397,4397,100,100,2864
bone,HLA-A*02:01,4354,4254,100,8508,200,4254,4254,100,100,2668
lymphoid,HLA-A*02:01,4016,3916,100,7832,200,3916,3916,100,100,2680
uterine cervix,HLA-A*02:01,1718,1618,100,3236,200,1618,1618,100,100,1071
lung,HLA-A*02:01,1574,1474,100,2948,200,1474,1474,100,100,1227
lymphoid,HLA-B*07:02,1518,1418,100,2836,200,1418,1418,100,100,1204
lymphoid,HLA-B*27:05,1257,1157,100,2314,200,1157,1157,100,100,997
ovary,HLA-A*02:01,1233,1133,100,2266,200,1133,1133,100,100,1042
brain,HLA-A*02:01,1229,1129,100,2258,200,1129,1129,100,100,1015
lymphoid,HLA-B*40:02,1050,950,100,1900,200,950,950,100,100,826
lymph node,HLA-C*05:01,1036,936,100,1872,200,936,936,100,100,851
brain,HLA-B*40:02,1003,903,100,1806,200,903,903,100,100,812
blood,HLA-B*27:05,991,891,100,1782,200,891,891,100,100,830
blood,HLA-C*05:01,982,882,100,1764,200,882,882,100,100,818
blood,HLA-B*51:01,976,876,100,1752,200,876,876,100,100,816
lymphoid,HLA-B*15:01,873,773,100,1546,200,773,773,100,100,719
uterine cervix,HLA-B*07:02,844,744,100,1488,200,744,744,100,100,647
lymphoid,HLA-A*24:02,765,665,100,1330,200,665,665,100,100,656
blood,HLA-B*40:01,762,662,100,1324,200,662,662,100,100,648
blood,HLA-C*03:04,760,660,100,1320,200,660,660,100,100,636
uterine cervix,HLA-A*24:02,756,656,100,1312,200,656,656,100,100,612
lymph node,HLA-C*03:04,732,632,100,1264,200,632,632,100,100,623
lymphoid,HLA-C*05:01,725,625,100,1250,200,625,625,100,100,630
lymphoid,HLA-B*51:01,719,619,100,1238,200,619,619,100,100,636
blood,HLA-B*07:02,718,618,100,1236,200,618,618,100,100,606
breast,HLA-A*02:01,718,618,100,1236,200,618,618,100,100,618
kidney,HLA-A*24:02,709,609,100,1218,200,609,609,100,100,616
lung,HLA-A*24:02,701,601,100,1202,200,601,601,100,100,619
thymus,HLA-A*24:02,697,597,100,1194,200,597,597,100,100,612
lymphoid,HLA-C*03:04,682,582,100,1164,200,582,582,100,100,580
umbilical cord blood,HLA-A*02:01,671,571,100,1142,200,571,571,100,100,606
blood,HLA-B*15:01,662,562,100,1124,200,562,562,100,100,556
lymphoid,HLA-B*15:02,662,562,100,1124,200,562,562,100,100,596
spleen,HLA-B*15:01,647,547,100,1094,200,547,547,100,100,571
blood,HLA-A*24:02,625,525,100,1050,200,525,525,100,100,547
lymphoid,HLA-B*40:01,608,508,100,1016,200,508,508,100,100,526
lung,HLA-B*15:01,585,485,100,970,200,485,485,100,100,510
lymphoid,HLA-C*12:02,580,480,100,960,200,480,480,100,100,513
lymph node,HLA-B*40:01,573,473,100,946,200,473,473,100,100,506
colon,HLA-A*02:01,550,450,100,900,200,450,450,100,100,499
thymus,HLA-A*02:01,536,436,100,872,200,436,436,100,100,499
uterine cervix,HLA-B*51:01,521,421,100,842,200,421,421,100,100,471
small intestine,HLA-B*15:01,506,406,100,812,200,406,406,100,100,449
